"SH","binomial","ndiffsite","abn","ndead","hypave","conave","rhizave","ecm_status","unite_taxonomy"
"SH1566369.08FU","Archaeorhizomyces_sp",25,133,6,1.9074074074074,1.01851851851851,1.01851851851851,"no","k__Fungi;p__Ascomycota;c__Archaeorhizomycetes;o__Archaeorhizomycetales;f__Archaeorhizomycetaceae;g__Archaeorhizomyces;s__Archaeorhizomyces_sp"
"SH1564437.08FU","Oidiodendron_maius",46,118,7,2.24358974358974,1.06410256410256,1.06410256410256,"no","k__Fungi;p__Ascomycota;c__Leotiomycetes;o__Helotiales;f__Myxotrichaceae;g__Oidiodendron;s__Oidiodendron_maius"
"SH1523754.08FU","Hyaloscypha_variabilis",30,83,6,2.07936507936507,1.01587301587301,1,"no","k__Fungi;p__Ascomycota;c__Leotiomycetes;o__Helotiales;f__Hyaloscyphaceae;g__Hyaloscypha;s__Hyaloscypha_variabilis"
"SH1566370.08FU","Archaeorhizomyces_sp",27,83,4,1.76470588235294,1,1.05882352941176,"no","k__Fungi;p__Ascomycota;c__Archaeorhizomycetes;o__Archaeorhizomycetales;f__Archaeorhizomycetaceae;g__Archaeorhizomyces;s__Archaeorhizomyces_sp"
"SH1551240.08FU","Helotiaceae_sp",15,74,14,1.8095238095238,1.03174603174603,1.04761904761904,"no","k__Fungi;p__Ascomycota;c__Leotiomycetes;o__Helotiales;f__Helotiaceae;g__unidentified;s__Helotiaceae_sp"
"SH1523826.08FU","Hyaloscyphaceae_sp",39,66,2,1.92452830188679,1.0188679245283,1.0377358490566,"no","k__Fungi;p__Ascomycota;c__Leotiomycetes;o__Helotiales;f__Hyaloscyphaceae;g__unidentified;s__Hyaloscyphaceae_sp"
"SH1647282.08FU","Phialocephala_fortinii",20,35,1,1.84615384615384,1.03846153846153,1.19230769230769,"no","k__Fungi;p__Ascomycota;c__Leotiomycetes;o__Helotiales;f__Vibrisseaceae;g__Phialocephala;s__Phialocephala_fortinii"
"SH1566366.08FU","Archaeorhizomyces_borealis",8,18,1,1.54545454545454,1,1,"no","k__Fungi;p__Ascomycota;c__Archaeorhizomycetes;o__Archaeorhizomycetales;f__Archaeorhizomycetaceae;g__Archaeorhizomyces;s__Archaeorhizomyces_borealis"
"SH1523871.08FU","Meliniomyces_sp",11,18,0,1.46153846153846,1,1,"no","k__Fungi;p__Ascomycota;c__Leotiomycetes;o__Helotiales;f__Helotiaceae;g__Meliniomyces;s__Meliniomyces_sp"
"SH1566373.08FU","Archaeorhizomyces_sp",7,15,0,2.33333333333333,1.06666666666666,1,"no","k__Fungi;p__Ascomycota;c__Archaeorhizomycetes;o__Archaeorhizomycetales;f__Archaeorhizomycetaceae;g__Archaeorhizomyces;s__Archaeorhizomyces_sp"
"SH1523033.08FU","Leptodontidium_sp",13,14,2,1.33333333333333,1.33333333333333,1,"no","k__Fungi;p__Ascomycota;c__Leotiomycetes;o__Helotiales;f__Helotiales_fam_Incertae_sedis;g__Leptodontidium;s__Leptodontidium_sp"
"SH1639595.08FU","Gloniaceae_sp",13,14,0,4.58333333333333,1,1,"no","k__Fungi;p__Ascomycota;c__Dothideomycetes;o__Mytilinidales;f__Gloniaceae;g__unidentified;s__Gloniaceae_sp"
"SH1564449.08FU","Oidiodendron_pilicola",8,11,0,1,1.14285714285714,1,"no","k__Fungi;p__Ascomycota;c__Leotiomycetes;o__Helotiales;f__Myxotrichaceae;g__Oidiodendron;s__Oidiodendron_pilicola"
"SH1565480.08FU","Oidiodendron_sp",7,11,4,2,1,1,"no","k__Fungi;p__Ascomycota;c__Leotiomycetes;o__Helotiales;f__Myxotrichaceae;g__Oidiodendron;s__Oidiodendron_sp"
"SH1522252.08FU","Umbelopsis_sp",6,10,1,2,1.2,1.6,"no","k__Fungi;p__Mucoromycota;c__Umbelopsidomycetes;o__Umbelopsidales;f__Umbelopsidaceae;g__Umbelopsis;s__Umbelopsis_sp"
"SH1542298.08FU","Mycena_sanguinolenta",4,8,0,1.57142857142857,1.14285714285714,1.71428571428571,"no","k__Fungi;p__Basidiomycota;c__Agaricomycetes;o__Agaricales;f__Tricholomataceae;g__Mycena;s__Mycena_sanguinolenta"
"SH1566383.08FU","Archaeorhizomyces_sp",4,7,0,2.25,1.25,1,"no","k__Fungi;p__Ascomycota;c__Archaeorhizomycetes;o__Archaeorhizomycetales;f__Archaeorhizomycetaceae;g__Archaeorhizomyces;s__Archaeorhizomyces_sp"
"SH1522937.08FU","Hyaloscyphaceae_sp",4,7,,,,,"no","k__Fungi;p__Ascomycota;c__Leotiomycetes;o__Helotiales;f__Hyaloscyphaceae;g__unidentified;s__Hyaloscyphaceae_sp"
"SH1574115.08FU","Oidiodendron_maius",7,7,1,2,1,1,"no","k__Fungi;p__Ascomycota;c__Leotiomycetes;o__Helotiales;f__Myxotrichaceae;g__Oidiodendron;s__Oidiodendron_maius"
"SH1556760.08FU","Archaeorhizomyces_finlayi",4,6,1,1.25,1,1,"no","k__Fungi;p__Ascomycota;c__Archaeorhizomycetes;o__Archaeorhizomycetales;f__Archaeorhizomycetaceae;g__Archaeorhizomyces;s__Archaeorhizomyces_finlayi"
"SH1564458.08FU","Oidiodendron_tenuissimum",5,5,1,2.33333333333333,1,1,"no","k__Fungi;p__Ascomycota;c__Leotiomycetes;o__Helotiales;f__Myxotrichaceae;g__Oidiodendron;s__Oidiodendron_tenuissimum"
"SH1564470.08FU","Oidiodendron_sp",4,5,0,1.5,1,1,"no","k__Fungi;p__Ascomycota;c__Leotiomycetes;o__Helotiales;f__Myxotrichaceae;g__Oidiodendron;s__Oidiodendron_sp"
"SH1569079.08FU","Entoloma_rhodocylix",3,5,0,1.5,1.5,1,"no","k__Fungi;p__Basidiomycota;c__Agaricomycetes;o__Agaricales;f__Entolomataceae;g__Entoloma;s__Entoloma_rhodocylix"
"SH1639592.08FU","Pseudocenococcum_floridanum",4,5,0,5.5,1,1,"no","k__Fungi;p__Ascomycota;c__Dothideomycetes;o__Mytilinidales;f__Gloniaceae;g__Pseudocenococcum;s__Pseudocenococcum_floridanum"
"SH1607997.08FU","Mortierella_humilis",5,5,0,1.5,1,1,"no","k__Fungi;p__Mortierellomycota;c__Mortierellomycetes;o__Mortierellales;f__Mortierellaceae;g__Mortierella;s__Mortierella_humilis"
"SH1544281.08FU","Meliniomyces_sp",5,5,0,1.5,1,1,"no","k__Fungi;p__Ascomycota;c__Leotiomycetes;o__Helotiales;f__Helotiaceae;g__Meliniomyces;s__Meliniomyces_sp"
"SH1568421.08FU","Trichoderma_koningii",3,4,2,1,1,1,"no","k__Fungi;p__Ascomycota;c__Sordariomycetes;o__Hypocreales;f__Hypocreaceae;g__Trichoderma;s__Trichoderma_koningii"
"SH1564463.08FU","Oidiodendron_sp",2,4,0,2,1,1,"no","k__Fungi;p__Ascomycota;c__Leotiomycetes;o__Helotiales;f__Myxotrichaceae;g__Oidiodendron;s__Oidiodendron_sp"
"SH1522929.08FU","Hyaloscyphaceae_sp",4,4,4,1,1,1,"no","k__Fungi;p__Ascomycota;c__Leotiomycetes;o__Helotiales;f__Hyaloscyphaceae;g__unidentified;s__Hyaloscyphaceae_sp"
"SH1523000.08FU","Hyaloscypha_sp",4,4,0,1.6,1,1,"no","k__Fungi;p__Ascomycota;c__Leotiomycetes;o__Helotiales;f__Hyaloscyphaceae;g__Hyaloscypha;s__Hyaloscypha_sp"
"SH1544241.08FU","Meliniomyces_sp",3,3,0,1.66666666666666,1,1,"no","k__Fungi;p__Ascomycota;c__Leotiomycetes;o__Helotiales;f__Helotiaceae;g__Meliniomyces;s__Meliniomyces_sp"
"SH1554565.08FU","Ceratobasidiaceae_sp",3,3,0,1,1,1,"no","k__Fungi;p__Basidiomycota;c__Agaricomycetes;o__Cantharellales;f__Ceratobasidiaceae;g__unidentified;s__Ceratobasidiaceae_sp"
"SH1556761.08FU","Archaeorhizomyces_sp",3,3,0,5.33333333333333,1,1,"no","k__Fungi;p__Ascomycota;c__Archaeorhizomycetes;o__Archaeorhizomycetales;f__Archaeorhizomycetaceae;g__Archaeorhizomyces;s__Archaeorhizomyces_sp"
"SH1522923.08FU","Leptodontidium_sp",2,3,,,,,"no","k__Fungi;p__Ascomycota;c__Leotiomycetes;o__Helotiales;f__Helotiales_fam_Incertae_sedis;g__Leptodontidium;s__Leptodontidium_sp"
"SH1523783.08FU","Meliniomyces_sp",2,3,2,1,1,1,"no","k__Fungi;p__Ascomycota;c__Leotiomycetes;o__Helotiales;f__Helotiaceae;g__Meliniomyces;s__Meliniomyces_sp"
"SH1544247.08FU","Hyaloscyphaceae_sp",3,3,0,1,1,1,"no","k__Fungi;p__Ascomycota;c__Leotiomycetes;o__Helotiales;f__Hyaloscyphaceae;g__unidentified;s__Hyaloscyphaceae_sp"
"SH1557027.08FU","Mortierella_sp",2,2,0,4,1,1,"no","k__Fungi;p__Mortierellomycota;c__Mortierellomycetes;o__Mortierellales;f__Mortierellaceae;g__Mortierella;s__Mortierella_sp"
"SH1629834.08FU","Mortierella_parvispora",1,2,0,1.5,1,1,"no","k__Fungi;p__Mortierellomycota;c__Mortierellomycetes;o__Mortierellales;f__Mortierellaceae;g__Mortierella;s__Mortierella_parvispora"
"SH1646573.08FU","Rhodocollybia_butyracea",2,2,,,,,"no","k__Fungi;p__Basidiomycota;c__Agaricomycetes;o__Agaricales;f__Omphalotaceae;g__Rhodocollybia;s__Rhodocollybia_butyracea"
"SH1523767.08FU","Hyaloscypha_vraolstadiae",2,2,0,1,1,1,"no","k__Fungi;p__Ascomycota;c__Leotiomycetes;o__Helotiales;f__Hyaloscyphaceae;g__Hyaloscypha;s__Hyaloscypha_vraolstadiae"
"SH1566388.08FU","Archaeorhizomyces_sp",2,2,0,1,1,1,"no","k__Fungi;p__Ascomycota;c__Archaeorhizomycetes;o__Archaeorhizomycetales;f__Archaeorhizomycetaceae;g__Archaeorhizomyces;s__Archaeorhizomyces_sp"
"SH1544243.08FU","Meliniomyces_sp",2,2,0,6,1,1,"no","k__Fungi;p__Ascomycota;c__Leotiomycetes;o__Helotiales;f__Helotiaceae;g__Meliniomyces;s__Meliniomyces_sp"
"SH1544268.08FU","Meliniomyces_sp",1,2,0,1,1,1,"no","k__Fungi;p__Ascomycota;c__Leotiomycetes;o__Helotiales;f__Helotiaceae;g__Meliniomyces;s__Meliniomyces_sp"
"SH1565595.08FU","Saitozyma_podzolica",2,2,0,1,1,1,"no","k__Fungi;p__Basidiomycota;c__Tremellomycetes;o__Tremellales;f__Trimorphomycetaceae;g__Saitozyma;s__Saitozyma_podzolica"
"SH1569083.08FU","Entolomataceae_sp",1,2,,,,,"no","k__Fungi;p__Basidiomycota;c__Agaricomycetes;o__Agaricales;f__Entolomataceae;g__unidentified;s__Entolomataceae_sp"
"SH1564522.08FU","Oidiodendron_sp",2,2,2,1,1,1,"no","k__Fungi;p__Ascomycota;c__Leotiomycetes;o__Helotiales;f__Myxotrichaceae;g__Oidiodendron;s__Oidiodendron_sp"
"SH1555062.08FU","Hydnodontaceae_sp",1,2,0,2,1,1,"no","k__Fungi;p__Basidiomycota;c__Agaricomycetes;o__Trechisporales;f__Hydnodontaceae;g__unidentified;s__Hydnodontaceae_sp"
"SH1569709.08FU","Mortierella_sp",2,2,0,3,1,1,"no","k__Fungi;p__Mortierellomycota;c__Mortierellomycetes;o__Mortierellales;f__Mortierellaceae;g__Mortierella;s__Mortierella_sp"
"SH1608139.08FU","Mortierella_alliacea",2,2,0,1.5,1,1,"no","k__Fungi;p__Mortierellomycota;c__Mortierellomycetes;o__Mortierellales;f__Mortierellaceae;g__Mortierella;s__Mortierella_alliacea"
"SH1522932.08FU","Rhizodermea_veluwensis",2,2,0,5,1,1,"no","k__Fungi;p__Ascomycota;c__Leotiomycetes;o__Helotiales;f__Dermateaceae;g__Rhizodermea;s__Rhizodermea_veluwensis"
"SH1509556.08FU","Microglossum_griseoviride",1,2,0,1,1,1,"no","k__Fungi;p__Ascomycota;c__Leotiomycetes;o__Helotiales;f__Helotiales_fam_Incertae_sedis;g__Microglossum;s__Microglossum_griseoviride"
"SH1608142.08FU","Mortierella_turficola",1,1,0,2,2,1,"no","k__Fungi;p__Mortierellomycota;c__Mortierellomycetes;o__Mortierellales;f__Mortierellaceae;g__Mortierella;s__Mortierella_turficola"
"SH1629842.08FU","Mortierella_sp",1,1,0,1,1,1,"no","k__Fungi;p__Mortierellomycota;c__Mortierellomycetes;o__Mortierellales;f__Mortierellaceae;g__Mortierella;s__Mortierella_sp"
"SH1546199.08FU","Trechispora_sp",1,1,0,1,1,1,"no","k__Fungi;p__Basidiomycota;c__Agaricomycetes;o__Trechisporales;f__Hydnodontaceae;g__Trechispora;s__Trechispora_sp"
"SH1236063.08FU","Vibrisseaceae_sp",1,1,0,2,1,1,"no","k__Fungi;p__Ascomycota;c__Leotiomycetes;o__Helotiales;f__Vibrisseaceae;g__unidentified;s__Vibrisseaceae_sp"
"SH1544255.08FU","Meliniomyces_sp",1,1,0,1,1,1,"no","k__Fungi;p__Ascomycota;c__Leotiomycetes;o__Helotiales;f__Helotiaceae;g__Meliniomyces;s__Meliniomyces_sp"
"SH1542308.08FU","Mycena_haematopus",1,1,,,,,"no","k__Fungi;p__Basidiomycota;c__Agaricomycetes;o__Agaricales;f__Tricholomataceae;g__Mycena;s__Mycena_haematopus"
"SH1523769.08FU","Hyaloscypha_sp",1,1,0,1,1,1,"no","k__Fungi;p__Ascomycota;c__Leotiomycetes;o__Helotiales;f__Hyaloscyphaceae;g__Hyaloscypha;s__Hyaloscypha_sp"
"SH1555060.08FU","Luellia_cystidiata",1,1,0,2,1,1,"no","k__Fungi;p__Basidiomycota;c__Agaricomycetes;o__Trechisporales;f__Hydnodontaceae;g__Luellia;s__Luellia_cystidiata"
"SH1522486.08FU","Xenopolyscytalum_pinea",1,1,0,2,1,1,"no","k__Fungi;p__Ascomycota;c__Leotiomycetes;o__Helotiales;f__Helotiales_fam_Incertae_sedis;g__Xenopolyscytalum;s__Xenopolyscytalum_pinea"
"SH1574384.08FU","Bolbitiaceae_sp",1,1,0,2,1,1,"no","k__Fungi;p__Basidiomycota;c__Agaricomycetes;o__Agaricales;f__Bolbitiaceae;g__unidentified;s__Bolbitiaceae_sp"
"SH1639596.08FU","Gloniaceae_sp",1,1,0,1,1,1,"no","k__Fungi;p__Ascomycota;c__Dothideomycetes;o__Mytilinidales;f__Gloniaceae;g__unidentified;s__Gloniaceae_sp"
"SH1246666.08FU","Cortinariaceae_sp",1,1,0,1,1,1,"no","k__Fungi;p__Basidiomycota;c__Agaricomycetes;o__Agaricales;f__Cortinariaceae;g__unidentified;s__Cortinariaceae_sp"
"SH1568411.08FU","Trichoderma_sp",1,1,0,4,1,1,"no","k__Fungi;p__Ascomycota;c__Sordariomycetes;o__Hypocreales;f__Hypocreaceae;g__Trichoderma;s__Trichoderma_sp"
"SH1523757.08FU","Hyaloscypha_sp",1,1,1,1,1,1,"no","k__Fungi;p__Ascomycota;c__Leotiomycetes;o__Helotiales;f__Hyaloscyphaceae;g__Hyaloscypha;s__Hyaloscypha_sp"
"SH1545889.08FU","Cadophora_sp",1,1,,,,,"no","k__Fungi;p__Ascomycota;c__Leotiomycetes;o__Helotiales;f__Helotiales_fam_Incertae_sedis;g__Cadophora;s__Cadophora_sp"
"SH1542490.08FU","Mycena_amicta",1,1,0,2,1,1,"no","k__Fungi;p__Basidiomycota;c__Agaricomycetes;o__Agaricales;f__Tricholomataceae;g__Mycena;s__Mycena_amicta"
"SH1514262.08FU","Cryptococcus_musci",1,1,0,3,1,1,"no","k__Fungi;p__Basidiomycota;c__Tremellomycetes;o__Tremellales;f__Tremellaceae;g__Cryptococcus;s__Cryptococcus_musci"
"SH1565503.08FU","Oidiodendron_sp",1,1,0,1,1,1,"no","k__Fungi;p__Ascomycota;c__Leotiomycetes;o__Helotiales;f__Myxotrichaceae;g__Oidiodendron;s__Oidiodendron_sp"
"SH1557019.08FU","Mortierella_zonata",1,1,0,2,1,1,"no","k__Fungi;p__Mortierellomycota;c__Mortierellomycetes;o__Mortierellales;f__Mortierellaceae;g__Mortierella;s__Mortierella_zonata"
"SH1646574.08FU","Rhodocollybia_butyracea",1,1,0,1,1,1,"no","k__Fungi;p__Basidiomycota;c__Agaricomycetes;o__Agaricales;f__Omphalotaceae;g__Rhodocollybia;s__Rhodocollybia_butyracea"
"SH1510687.08FU","Neobulgaria_premnophila",1,1,0,1,1,1,"no","k__Fungi;p__Ascomycota;c__Leotiomycetes;o__Helotiales;f__Leotiaceae;g__Neobulgaria;s__Neobulgaria_premnophila"
"SH1564825.08FU","Dermateaceae_sp",1,1,,,,,"no","k__Fungi;p__Ascomycota;c__Leotiomycetes;o__Helotiales;f__Dermateaceae;g__unidentified;s__Dermateaceae_sp"
"SH1608153.08FU","Mortierella_sp",1,1,,,,,"no","k__Fungi;p__Mortierellomycota;c__Mortierellomycetes;o__Mortierellales;f__Mortierellaceae;g__Mortierella;s__Mortierella_sp"
"SH1523764.08FU","Pezoloma_ericae",1,1,,,,,"no","k__Fungi;p__Ascomycota;c__Leotiomycetes;o__Helotiales;f__Leotiaceae;g__Pezoloma;s__Pezoloma_ericae"
"SH1566372.08FU","Archaeorhizomyces_sp",1,1,,,,,"no","k__Fungi;p__Ascomycota;c__Archaeorhizomycetes;o__Archaeorhizomycetales;f__Archaeorhizomycetaceae;g__Archaeorhizomyces;s__Archaeorhizomyces_sp"
"SH1546350.08FU","Nectriaceae_sp",1,1,,,,,"no","k__Fungi;p__Ascomycota;c__Sordariomycetes;o__Hypocreales;f__Nectriaceae;g__unidentified;s__Nectriaceae_sp"
"SH1564450.08FU","Leohumicola_sp",1,1,0,1,1,1,"no","k__Fungi;p__Ascomycota;c__Leotiomycetes;o__Helotiales;f__Helotiales_fam_Incertae_sedis;g__Leohumicola;s__Leohumicola_sp"
"SH1571584.08FU","Mortierella_sp",1,1,0,2,1,1,"no","k__Fungi;p__Mortierellomycota;c__Mortierellomycetes;o__Mortierellales;f__Mortierellaceae;g__Mortierella;s__Mortierella_sp"
"SH1507753.08FU","Sulzbacheromyces_miomboensis",1,1,0,1,1,1,"no","k__Fungi;p__Basidiomycota;c__Agaricomycetes;o__Lepidostromatales;f__Lepidostromataceae;g__Sulzbacheromyces;s__Sulzbacheromyces_miomboensis"
"SH1553021.08FU","Galerina_calyptrata",1,1,,,,,"no","k__Fungi;p__Basidiomycota;c__Agaricomycetes;o__Agaricales;f__Strophariaceae;g__Galerina;s__Galerina_calyptrata"
"SH1958333.08FU","Trichoderma_parapiluliferum",1,1,0,2,1,1,"no","k__Fungi;p__Ascomycota;c__Sordariomycetes;o__Hypocreales;f__Hypocreaceae;g__Trichoderma;s__Trichoderma_parapiluliferum"
"SH1516538.08FU","Trichoderma_asperellum",1,1,0,1,1,1,"no","k__Fungi;p__Ascomycota;c__Sordariomycetes;o__Hypocreales;f__Hypocreaceae;g__Trichoderma;s__Trichoderma_asperellum"
"SH1236036.08FU","Vibrisseaceae_sp",1,1,0,1,2,1,"no","k__Fungi;p__Ascomycota;c__Leotiomycetes;o__Helotiales;f__Vibrisseaceae;g__unidentified;s__Vibrisseaceae_sp"
"SH1543997.08FU","Luellia_sp",1,1,0,1,1,1,"no","k__Fungi;p__Basidiomycota;c__Agaricomycetes;o__Trechisporales;f__Hydnodontaceae;g__Luellia;s__Luellia_sp"
"SH1557091.08FU","Mortierella_sp",1,1,0,4,1,1,"no","k__Fungi;p__Mortierellomycota;c__Mortierellomycetes;o__Mortierellales;f__Mortierellaceae;g__Mortierella;s__Mortierella_sp"
"SH1150490.08FU","Botrytis_cinerea",1,1,0,2,1,1,"no","k__Fungi;p__Ascomycota;c__Leotiomycetes;o__Helotiales;f__Sclerotiniaceae;g__Botrytis;s__Botrytis_cinerea"
"SH1522255.08FU","Umbelopsis_autotrophica",1,1,,,,,"no","k__Fungi;p__Mucoromycota;c__Umbelopsidomycetes;o__Umbelopsidales;f__Umbelopsidaceae;g__Umbelopsis;s__Umbelopsis_autotrophica"
"SH1522982.08FU","Glutinomyces_sp",1,1,0,2,1,1,"no","k__Fungi;p__Ascomycota;c__Leotiomycetes;o__Helotiales;f__Hyaloscyphaceae;g__Glutinomyces;s__Glutinomyces_sp"
"SH1608141.08FU","Mortierella_macrocystis",1,1,,,,,"no","k__Fungi;p__Mortierellomycota;c__Mortierellomycetes;o__Mortierellales;f__Mortierellaceae;g__Mortierella;s__Mortierella_macrocystis"
"SH1608005.08FU","Mortierella_sp",1,1,,,,,"no","k__Fungi;p__Mortierellomycota;c__Mortierellomycetes;o__Mortierellales;f__Mortierellaceae;g__Mortierella;s__Mortierella_sp"
"SH1562533.08FU","Tricholomataceae_sp",1,1,0,1,1,4,"no","k__Fungi;p__Basidiomycota;c__Agaricomycetes;o__Agaricales;f__Tricholomataceae;g__unidentified;s__Tricholomataceae_sp"
"SH1647307.08FU","Phialocephala_sp",1,1,0,1,2,1,"no","k__Fungi;p__Ascomycota;c__Leotiomycetes;o__Helotiales;f__Vibrisseaceae;g__Phialocephala;s__Phialocephala_sp"
"SH1738969.08FU","Trichoderma_fertile",1,1,,,,,"no","k__Fungi;p__Ascomycota;c__Sordariomycetes;o__Hypocreales;f__Hypocreaceae;g__Trichoderma;s__Trichoderma_fertile"
"SH1506915.08FU","Amaurodon_sp",1,1,,,,,"no","k__Fungi;p__Basidiomycota;c__Agaricomycetes;o__Thelephorales;f__Thelephoraceae;g__Amaurodon;s__Amaurodon_sp"
"SH1522993.08FU","Hyaloscyphaceae_sp",1,1,0,4,1,1,"no","k__Fungi;p__Ascomycota;c__Leotiomycetes;o__Helotiales;f__Hyaloscyphaceae;g__unidentified;s__Hyaloscyphaceae_sp"
"SH1523797.08FU","Pezoloma_ericae",1,1,0,1,1,1,"no","k__Fungi;p__Ascomycota;c__Leotiomycetes;o__Helotiales;f__Leotiaceae;g__Pezoloma;s__Pezoloma_ericae"
"SH1563342.08FU","Oidiodendron_sp",1,1,0,1,1,1,"no","k__Fungi;p__Ascomycota;c__Leotiomycetes;o__Helotiales;f__Myxotrichaceae;g__Oidiodendron;s__Oidiodendron_sp"
"SH1542320.08FU","Mycena_sp",1,1,,,,,"no","k__Fungi;p__Basidiomycota;c__Agaricomycetes;o__Agaricales;f__Tricholomataceae;g__Mycena;s__Mycena_sp"
"SH1544242.08FU","Meliniomyces_sp",1,1,0,2,1,2,"no","k__Fungi;p__Ascomycota;c__Leotiomycetes;o__Helotiales;f__Helotiaceae;g__Meliniomyces;s__Meliniomyces_sp"
"SH1542295.08FU","Mycena_rebaudengoi",1,1,1,6,1,1,"no","k__Fungi;p__Basidiomycota;c__Agaricomycetes;o__Agaricales;f__Tricholomataceae;g__Mycena;s__Mycena_rebaudengoi"
"SH1574385.08FU","Agrocybe_sp",1,1,0,1,1,1,"no","k__Fungi;p__Basidiomycota;c__Agaricomycetes;o__Agaricales;f__Bolbitiaceae;g__Agrocybe;s__Agrocybe_sp"
"SH1565487.08FU","Oidiodendron_flavum",1,1,0,1,2,1,"no","k__Fungi;p__Ascomycota;c__Leotiomycetes;o__Helotiales;f__Myxotrichaceae;g__Oidiodendron;s__Oidiodendron_flavum"
"SH1650284.08FU","Mortierella_amoeboidea",1,1,0,1,1,1,"no","k__Fungi;p__Mortierellomycota;c__Mortierellomycetes;o__Mortierellales;f__Mortierellaceae;g__Mortierella;s__Mortierella_amoeboidea"
"SH1564534.08FU","Myxotrichaceae_sp",1,1,,,,,"no","k__Fungi;p__Ascomycota;c__Leotiomycetes;o__Helotiales;f__Myxotrichaceae;g__unidentified;s__Myxotrichaceae_sp"
"SH1522921.08FU","Lachnum_pygmaeum",1,1,0,1,1,1,"no","k__Fungi;p__Ascomycota;c__Leotiomycetes;o__Helotiales;f__Hyaloscyphaceae;g__Lachnum;s__Lachnum_pygmaeum"
"SH1958320.08FU","Trichoderma_stellatum",1,1,0,4,1,1,"no","k__Fungi;p__Ascomycota;c__Sordariomycetes;o__Hypocreales;f__Hypocreaceae;g__Trichoderma;s__Trichoderma_stellatum"
"SH1515825.08FU","Trechispora_stellulata",1,1,0,1,1,2,"no","k__Fungi;p__Basidiomycota;c__Agaricomycetes;o__Trechisporales;f__Hydnodontaceae;g__Trechispora;s__Trechispora_stellulata"
"SH1544424.08FU","Trechispora_invisitata",1,1,0,2,1,1,"no","k__Fungi;p__Basidiomycota;c__Agaricomycetes;o__Trechisporales;f__Hydnodontaceae;g__Trechispora;s__Trechispora_invisitata"
"SH1647913.08FU","Tephrocybe_mephitica",1,1,,,,,"no","k__Fungi;p__Basidiomycota;c__Agaricomycetes;o__Agaricales;f__Lyophyllaceae;g__Tephrocybe;s__Tephrocybe_mephitica"
"SH1570093.08FU","Ciboria_batschiana",1,1,,,,,"no","k__Fungi;p__Ascomycota;c__Leotiomycetes;o__Helotiales;f__Sclerotiniaceae;g__Ciboria;s__Ciboria_batschiana"
"SH1509369.08FU","Resinicium_bicolor",1,1,,,,,"no","k__Fungi;p__Basidiomycota;c__Agaricomycetes;o__Hymenochaetales;f__Hymenochaetales_fam_Incertae_sedis;g__Resinicium;s__Resinicium_bicolor"
"SH1542296.08FU","Mycena_metata",1,1,0,1,1,1,"no","k__Fungi;p__Basidiomycota;c__Agaricomycetes;o__Agaricales;f__Tricholomataceae;g__Mycena;s__Mycena_metata"
"SH1517981.08FU","Chaetosphaeriaceae_sp",1,1,,,,,"no","k__Fungi;p__Ascomycota;c__Sordariomycetes;o__Chaetosphaeriales;f__Chaetosphaeriaceae;g__unidentified;s__Chaetosphaeriaceae_sp"
"SH1542322.08FU","Mycena_olivaceomarginata",1,1,,,,,"no","k__Fungi;p__Basidiomycota;c__Agaricomycetes;o__Agaricales;f__Tricholomataceae;g__Mycena;s__Mycena_olivaceomarginata"
"SH1544273.08FU","Meliniomyces_sp",1,1,1,1,1,1,"no","k__Fungi;p__Ascomycota;c__Leotiomycetes;o__Helotiales;f__Helotiaceae;g__Meliniomyces;s__Meliniomyces_sp"
"SH1706483.08FU","Mycena_megaspora",1,1,,,,,"no","k__Fungi;p__Basidiomycota;c__Agaricomycetes;o__Agaricales;f__Tricholomataceae;g__Mycena;s__Mycena_megaspora"
"SH1522933.08FU","Hyaloscyphaceae_sp",1,1,,,,,"no","k__Fungi;p__Ascomycota;c__Leotiomycetes;o__Helotiales;f__Hyaloscyphaceae;g__unidentified;s__Hyaloscyphaceae_sp"
"SH1545890.08FU","Alatospora_acuminata",1,1,0,2,1,1,"no","k__Fungi;p__Ascomycota;c__Leotiomycetes;o__Helotiales;f__Leotiaceae;g__Alatospora;s__Alatospora_acuminata"
"SH1544291.08FU","Meliniomyces_sp",1,1,0,1,1,1,"no","k__Fungi;p__Ascomycota;c__Leotiomycetes;o__Helotiales;f__Helotiaceae;g__Meliniomyces;s__Meliniomyces_sp"
"SH1567106.08FU","Delicatula_integrella",1,1,0,4,1,1,"no","k__Fungi;p__Basidiomycota;c__Agaricomycetes;o__Agaricales;f__Tricholomataceae;g__Delicatula;s__Delicatula_integrella"
"SH1647299.08FU","Phialocephala_sp",1,1,0,1,1,1,"no","k__Fungi;p__Ascomycota;c__Leotiomycetes;o__Helotiales;f__Vibrisseaceae;g__Phialocephala;s__Phialocephala_sp"
"SH1645911.08FU","Tumularia_sp",1,1,0,2,2,4,"no","k__Fungi;p__Ascomycota;c__Dothideomycetes;o__Pleosporales;f__Pleomassariaceae;g__Tumularia;s__Tumularia_sp"
"SH1543989.08FU","Luellia_recondita",1,1,0,6,1,1,"no","k__Fungi;p__Basidiomycota;c__Agaricomycetes;o__Trechisporales;f__Hydnodontaceae;g__Luellia;s__Luellia_recondita"
"SH1243342.08FU","Armillaria_ostoyae",1,1,0,1,1,1,"no","k__Fungi;p__Basidiomycota;c__Agaricomycetes;o__Agaricales;f__Physalacriaceae;g__Armillaria;s__Armillaria_ostoyae"
"SH1647283.08FU","Vibrissea_sp",1,1,1,1,1,1,"no","k__Fungi;p__Ascomycota;c__Leotiomycetes;o__Helotiales;f__Vibrisseaceae;g__Vibrissea;s__Vibrissea_sp"
"SH1629837.08FU","Mortierella_parvispora",1,1,,,,,"no","k__Fungi;p__Mortierellomycota;c__Mortierellomycetes;o__Mortierellales;f__Mortierellaceae;g__Mortierella;s__Mortierella_parvispora"
"SH1557097.08FU","Mortierella_zonata",1,1,,,,,"no","k__Fungi;p__Mortierellomycota;c__Mortierellomycetes;o__Mortierellales;f__Mortierellaceae;g__Mortierella;s__Mortierella_zonata"
"SH1639473.08FU","Hypholoma_fasciculare",1,1,,,,,"no","k__Fungi;p__Basidiomycota;c__Agaricomycetes;o__Agaricales;f__Strophariaceae;g__Hypholoma;s__Hypholoma_fasciculare"
"SH1563951.08FU","Hebeloma_sp",53,81,4,2.14516129032258,1.04838709677419,1.01612903225806,"?","k__Fungi;p__Basidiomycota;c__Agaricomycetes;o__Agaricales;f__Hymenogastraceae;g__Hebeloma;s__Hebeloma_sp"
"SH1557014.08FU","Mortierella_gemmifera",8,10,0,1.66666666666666,1,1,"?","k__Fungi;p__Mortierellomycota;c__Mortierellomycetes;o__Mortierellales;f__Mortierellaceae;g__Mortierella;s__Mortierella_gemmifera"
"SH1170905.08FU","Mycena_galopus",7,7,2,1.8,1,1,"?","k__Fungi;p__Basidiomycota;c__Agaricomycetes;o__Agaricales;f__Tricholomataceae;g__Mycena;s__Mycena_galopus"
"SH1560608.08FU","Otidea_nannfeldtii",1,4,0,1,1,1,"?","k__Fungi;p__Ascomycota;c__Pezizomycetes;o__Pezizales;f__Pyronemataceae;g__Otidea;s__Otidea_nannfeldtii"
"SH1523926.08FU","Hyaloscypha_variabilis",3,3,0,1,1,1,"?","k__Fungi;p__Ascomycota;c__Leotiomycetes;o__Helotiales;f__Hyaloscyphaceae;g__Hyaloscypha;s__Hyaloscypha_variabilis"
"SH1554512.08FU","Ceratobasidiaceae_sp",1,3,,,,,"?","k__Fungi;p__Basidiomycota;c__Agaricomycetes;o__Cantharellales;f__Ceratobasidiaceae;g__unidentified;s__Ceratobasidiaceae_sp"
"SH2589202.08FU","Myxotrichaceae_sp",3,3,0,5,1,1,"?","k__Fungi;p__Ascomycota;c__Leotiomycetes;o__Helotiales;f__Myxotrichaceae;g__unidentified;s__Myxotrichaceae_sp"
"SH1574254.08FU","Phaeocollybia_lugubris",2,3,0,1.66666666666666,1,1,"?","k__Fungi;p__Basidiomycota;c__Agaricomycetes;o__Agaricales;f__Cortinariaceae;g__Phaeocollybia;s__Phaeocollybia_lugubris"
"SH2713392.08FU","Craterellus_sp",1,2,,,,,"?","k__Fungi;p__Basidiomycota;c__Agaricomycetes;o__Cantharellales;f__Cantharellaceae;g__Craterellus;s__Craterellus_sp"
"SH1615621.08FU","Lasiosphaeriaceae_sp",2,2,,,,,"?","k__Fungi;p__Ascomycota;c__Sordariomycetes;o__Sordariales;f__Lasiosphaeriaceae;g__unidentified;s__Lasiosphaeriaceae_sp"
"SH1524445.08FU","Lecanicillium_flavidum",2,2,0,1.5,1,1,"?","k__Fungi;p__Ascomycota;c__Sordariomycetes;o__Hypocreales;f__Cordycipitaceae;g__Lecanicillium;s__Lecanicillium_flavidum"
"SH1242585.08FU","Russula_romellii",1,2,,,,,"?","k__Fungi;p__Basidiomycota;c__Agaricomycetes;o__Russulales;f__Russulaceae;g__Russula;s__Russula_romellii"
"SH1626904.08FU","Venturiaceae_sp",1,2,1,2.5,1,1,"?","k__Fungi;p__Ascomycota;c__Dothideomycetes;o__Venturiales;f__Venturiaceae;g__unidentified;s__Venturiaceae_sp"
"SH1182435.08FU","Helotiaceae_sp",2,2,,,,,"?","k__Fungi;p__Ascomycota;c__Leotiomycetes;o__Helotiales;f__Helotiaceae;g__unidentified;s__Helotiaceae_sp"
"SH1552440.08FU","Metapochonia_bulbillosa",1,1,0,1,1,1,"?","k__Fungi;p__Ascomycota;c__Sordariomycetes;o__Hypocreales;f__Clavicipitaceae;g__Metapochonia;s__Metapochonia_bulbillosa"
"SH1546197.08FU","Trechispora_sp",1,1,0,1,1,1,"?","k__Fungi;p__Basidiomycota;c__Agaricomycetes;o__Trechisporales;f__Hydnodontaceae;g__Trechispora;s__Trechispora_sp"
"SH1577119.08FU","Leccinellum_lepidum",1,1,0,1,1,1,"?","k__Fungi;p__Basidiomycota;c__Agaricomycetes;o__Boletales;f__Boletaceae;g__Leccinellum;s__Leccinellum_lepidum"
"SH1240031.08FU","Dictyocatenulata_sp",1,1,0,2,1,1,"?","k__Fungi;p__Ascomycota;c__Lecanoromycetes;o__Lecanoromycetes_ord_Incertae_sedis;f__Lecanoromycetes_fam_Incertae_sedis;g__Dictyocatenulata;s__Dictyocatenulata_sp"
"SH1515316.08FU","Trichoderma_lixii",1,1,,,,,"?","k__Fungi;p__Ascomycota;c__Sordariomycetes;o__Hypocreales;f__Hypocreaceae;g__Trichoderma;s__Trichoderma_lixii"
"SH2593699.08FU","Atheliaceae_sp",1,1,0,1,1,1,"?","k__Fungi;p__Basidiomycota;c__Agaricomycetes;o__Atheliales;f__Atheliaceae;g__unidentified;s__Atheliaceae_sp"
"SH1544245.08FU","Hyaloscyphaceae_sp",1,1,,,,,"?","k__Fungi;p__Ascomycota;c__Leotiomycetes;o__Helotiales;f__Hyaloscyphaceae;g__unidentified;s__Hyaloscyphaceae_sp"
"SH1156260.08FU","Meria_laricis",1,1,0,1,1,1,"?","k__Fungi;p__Ascomycota;c__Leotiomycetes;o__Helotiales;f__Cenangiaceae;g__Meria;s__Meria_laricis"
"SH2593844.08FU","Oidiodendron_sp",1,1,,,,,"?","k__Fungi;p__Ascomycota;c__Leotiomycetes;o__Helotiales;f__Myxotrichaceae;g__Oidiodendron;s__Oidiodendron_sp"
"SH1560329.08FU","Gymnopus_confluens",1,1,0,1,2,1,"?","k__Fungi;p__Basidiomycota;c__Agaricomycetes;o__Agaricales;f__Omphalotaceae;g__Gymnopus;s__Gymnopus_confluens"
"SH1235442.08FU","Helotiaceae_sp",1,1,0,1,1,1,"?","k__Fungi;p__Ascomycota;c__Leotiomycetes;o__Helotiales;f__Helotiaceae;g__unidentified;s__Helotiaceae_sp"
"SH2596400.08FU","Neopyrenopeziza_nigripigmentata",1,1,0,2,1,1,"?","k__Fungi;p__Ascomycota;c__Leotiomycetes;o__Helotiales;f__Loramycetaceae;g__Neopyrenopeziza;s__Neopyrenopeziza_nigripigmentata"
"SH1626899.08FU","Venturia_sp",1,1,0,1,1,1,"?","k__Fungi;p__Ascomycota;c__Dothideomycetes;o__Venturiales;f__Venturiaceae;g__Venturia;s__Venturia_sp"
"SH1559861.08FU","Mortierella_sp",1,1,,,,,"?","k__Fungi;p__Mortierellomycota;c__Mortierellomycetes;o__Mortierellales;f__Mortierellaceae;g__Mortierella;s__Mortierella_sp"
"SH2589065.08FU","Teratosphaeriaceae_sp",1,1,0,2,1,1,"?","k__Fungi;p__Ascomycota;c__Dothideomycetes;o__Capnodiales;f__Teratosphaeriaceae;g__unidentified;s__Teratosphaeriaceae_sp"
"SH1568716.08FU","Trichoderma_semiorbis",1,1,0,1,1,1,"?","k__Fungi;p__Ascomycota;c__Sordariomycetes;o__Hypocreales;f__Hypocreaceae;g__Trichoderma;s__Trichoderma_semiorbis"
"SH1156174.08FU","Hyaloscyphaceae_sp",1,1,0,1,1,1,"?","k__Fungi;p__Ascomycota;c__Leotiomycetes;o__Helotiales;f__Hyaloscyphaceae;g__unidentified;s__Hyaloscyphaceae_sp"
"SH1528208.08FU","Vishniacozyma_carnescens",1,1,1,4,1,1,"?","k__Fungi;p__Basidiomycota;c__Tremellomycetes;o__Tremellales;f__Bulleribasidiaceae;g__Vishniacozyma;s__Vishniacozyma_carnescens"
"SH1542668.08FU","Gymnopus_peronatus",1,1,,,,,"?","k__Fungi;p__Basidiomycota;c__Agaricomycetes;o__Agaricales;f__Omphalotaceae;g__Gymnopus;s__Gymnopus_peronatus"
"SH1156144.08FU","Hyaloscyphaceae_sp",1,1,,,,,"?","k__Fungi;p__Ascomycota;c__Leotiomycetes;o__Helotiales;f__Hyaloscyphaceae;g__unidentified;s__Hyaloscyphaceae_sp"
"SH1615656.08FU","Chaetomium_sp",1,1,0,2,1,1,"?","k__Fungi;p__Ascomycota;c__Sordariomycetes;o__Sordariales;f__Chaetomiaceae;g__Chaetomium;s__Chaetomium_sp"
"SH1544535.08FU","Scopuloides_hydnoides",1,1,,,,,"?","k__Fungi;p__Basidiomycota;c__Agaricomycetes;o__Polyporales;f__Meruliaceae;g__Scopuloides;s__Scopuloides_hydnoides"
"SH2700069.08FU","Clavulinaceae_sp",1,1,,,,,"?","k__Fungi;p__Basidiomycota;c__Agaricomycetes;o__Cantharellales;f__Clavulinaceae;g__unidentified;s__Clavulinaceae_sp"
"SH1544263.08FU","Hyaloscyphaceae_sp",1,1,0,1,1,1,"?","k__Fungi;p__Ascomycota;c__Leotiomycetes;o__Helotiales;f__Hyaloscyphaceae;g__unidentified;s__Hyaloscyphaceae_sp"
"SH1156032.08FU","Lasiodiplodia_theobromae",1,1,,,,,"?","k__Fungi;p__Ascomycota;c__Dothideomycetes;o__Botryosphaeriales;f__Botryosphaeriaceae;g__Lasiodiplodia;s__Lasiodiplodia_theobromae"
"SH1161090.08FU","Thermomyces_lanuginosus",1,1,0,2,1,1,"?","k__Fungi;p__Ascomycota;c__Eurotiomycetes;o__Eurotiales;f__Trichocomaceae;g__Thermomyces;s__Thermomyces_lanuginosus"
"SH2710234.08FU","Anamylopsora_sp",1,1,,,,,"?","k__Fungi;p__Ascomycota;c__Lecanoromycetes;o__Baeomycetales;f__Anamylopsoraceae;g__Anamylopsora;s__Anamylopsora_sp"
"SH1182891.08FU","Abrothallus_doliiformis",1,1,,,,,"?","k__Fungi;p__Ascomycota;c__Dothideomycetes;o__Abrothallales;f__Abrothallaceae;g__Abrothallus;s__Abrothallus_doliiformis"
"SH1554546.08FU","Ceratobasidium_sp",1,1,0,6,1,1,"?","k__Fungi;p__Basidiomycota;c__Agaricomycetes;o__Cantharellales;f__Ceratobasidiaceae;g__Ceratobasidium;s__Ceratobasidium_sp"
"SH1690377.08FU","Erysiphe_nothofagi",1,1,0,4,1,2,"?","k__Fungi;p__Ascomycota;c__Leotiomycetes;o__Erysiphales;f__Erysiphaceae;g__Erysiphe;s__Erysiphe_nothofagi"
"SH1555953.08FU","Mortierella_angusta",1,1,,,,,"?","k__Fungi;p__Mortierellomycota;c__Mortierellomycetes;o__Mortierellales;f__Mortierellaceae;g__Mortierella;s__Mortierella_angusta"
"SH1544244.08FU","Hyaloscyphaceae_sp",1,1,,,,,"?","k__Fungi;p__Ascomycota;c__Leotiomycetes;o__Helotiales;f__Hyaloscyphaceae;g__unidentified;s__Hyaloscyphaceae_sp"
"SH1564824.08FU","Cryptosporiopsis_sp",1,1,,,,,"?","k__Fungi;p__Ascomycota;c__Leotiomycetes;o__Helotiales;f__Dermateaceae;g__Cryptosporiopsis;s__Cryptosporiopsis_sp"
"SH1518300.08FU","Humaria_sp",1,1,0,1,1,1,"?","k__Fungi;p__Ascomycota;c__Pezizomycetes;o__Pezizales;f__Pyronemataceae;g__Humaria;s__Humaria_sp"
"SH1156133.08FU","Hyaloscyphaceae_sp",1,1,,,,,"?","k__Fungi;p__Ascomycota;c__Leotiomycetes;o__Helotiales;f__Hyaloscyphaceae;g__unidentified;s__Hyaloscyphaceae_sp"
